{"cameraMode":{"drawMode":0,"name":"Shaded","section":"Shading Mode"},"sceneLighting":true,"audioPlay":false,"sceneViewState":{"m_AlwaysRefresh":false,"showFog":true,"showSkybox":true,"showFlares":true,"showImageEffects":true,"showParticleSystems":true,"showVisualEffectGraphs":true,"m_FxEnabled":true},"in2DMode":false,"pivot":{"x":1.7251936197280884,"y":1.9512068033218384,"z":4.487401485443115},"rotation":{"x":0.035184916108846667,"y":-0.9648134708404541,"z":0.18305283784866334,"w":0.18545104563236237},"size":0.30301633477211,"orthographic":false}