{"cameraMode":{"drawMode":0,"name":"Shaded","section":"Shading Mode"},"sceneLighting":true,"audioPlay":false,"sceneViewState":{"m_AlwaysRefresh":false,"showFog":true,"showSkybox":true,"showFlares":true,"showImageEffects":true,"showParticleSystems":true,"showVisualEffectGraphs":true,"m_FxEnabled":true},"in2DMode":false,"pivot":{"x":11.084309577941895,"y":7.868276596069336,"z":-1.9024722576141358},"rotation":{"x":0.137546569108963,"y":-0.8624548316001892,"z":0.34397563338279726,"w":0.34487399458885195},"size":3.4694042205810549,"orthographic":false}